Timestamp,Milliseconds,X,Y,Z,cos,headingAccuracy
2020-07-10 22:38:39,1,-0.181009,-0.191809,0.504358,0.822232,0.0
2020-07-10 22:38:39,11,-0.180284,-0.192563,0.505123,0.821746,0.0
2020-07-10 22:38:39,21,-0.180244,-0.19272,0.50515,0.821701,0.0
2020-07-10 22:38:39,31,-0.180284,-0.192652,0.505152,0.821707,0.0
2020-07-10 22:38:39,41,-0.180284,-0.192652,0.505152,0.821707,0.0
2020-07-10 22:38:39,52,-0.180402,-0.192368,0.505148,0.82175,0.0
2020-07-10 22:38:39,61,-0.180402,-0.192368,0.505148,0.82175,0.0
2020-07-10 22:38:39,71,-0.180435,-0.192255,0.505123,0.821785,0.0
2020-07-10 22:38:39,81,-0.180419,-0.192198,0.505124,0.821801,0.0
2020-07-10 22:38:39,91,-0.180357,-0.192207,0.505147,0.821799,0.0
2020-07-10 22:38:39,101,-0.180279,-0.19227,0.505175,0.821783,0.0
2020-07-10 22:38:39,111,-0.180122,-0.19245,0.505157,0.821787,0.0
2020-07-10 22:38:39,122,-0.180068,-0.192533,0.505128,0.821797,0.0
2020-07-10 22:38:39,131,-0.180068,-0.192533,0.505128,0.821797,0.0
2020-07-10 22:38:39,141,-0.18013,-0.192483,0.504638,0.822096,0.0
2020-07-10 22:38:39,151,-0.180218,-0.192363,0.503995,0.8225,0.0
2020-07-10 22:38:39,161,-0.180196,-0.19229,0.503333,0.822926,0.0
2020-07-10 22:38:39,171,-0.180196,-0.19229,0.503333,0.822926,0.0
2020-07-10 22:38:39,182,-0.180225,-0.192224,0.502741,0.823297,0.0
2020-07-10 22:38:39,191,-0.180174,-0.19224,0.502427,0.823497,0.0
2020-07-10 22:38:39,201,-0.180076,-0.192304,0.502231,0.823622,0.0
2020-07-10 22:38:39,211,-0.180054,-0.192287,0.50156,0.82404,0.0
2020-07-10 22:38:39,221,-0.179905,-0.1924,0.501326,0.824189,0.0
2020-07-10 22:38:39,232,-0.179711,-0.19256,0.501184,0.82428,0.0
2020-07-10 22:38:39,241,-0.179367,-0.192872,0.501662,0.823991,0.0
2020-07-10 22:38:39,251,-0.178806,-0.193365,0.503031,0.823162,0.0
2020-07-10 22:38:39,261,-0.178196,-0.193906,0.504594,0.82221,0.0
2020-07-10 22:38:39,271,-0.177561,-0.194468,0.506106,0.821285,0.0
2020-07-10 22:38:39,282,-0.176557,-0.195305,0.507227,0.820611,0.0
2020-07-10 22:38:39,292,-0.176557,-0.195305,0.507227,0.820611,0.0
2020-07-10 22:38:39,301,-0.176011,-0.1957,0.507542,0.820439,0.0
2020-07-10 22:38:39,311,-0.175351,-0.196093,0.507823,0.820313,0.0
2020-07-10 22:38:39,321,-0.174508,-0.196592,0.508103,0.8202,0.0
2020-07-10 22:38:39,331,-0.173456,-0.197261,0.508379,0.820092,0.0
2020-07-10 22:38:39,341,-0.170855,-0.198987,0.508811,0.819953,0.0
2020-07-10 22:38:39,351,-0.170855,-0.198987,0.508811,0.819953,0.0
2020-07-10 22:38:39,362,-0.167712,-0.200452,0.509152,0.820033,0.0
2020-07-10 22:38:39,371,-0.167712,-0.200452,0.509152,0.820033,0.0
2020-07-10 22:38:39,381,-0.165341,-0.201635,0.50905,0.820288,0.0
2020-07-10 22:38:39,391,-0.162443,-0.202995,0.50889,0.82063,0.0
2020-07-10 22:38:39,401,-0.158847,-0.204465,0.508781,0.821037,0.0
2020-07-10 22:38:39,411,-0.154539,-0.206092,0.508785,0.82145,0.0
2020-07-10 22:38:39,421,-0.149445,-0.20755,0.508949,0.821924,0.0
2020-07-10 22:38:39,431,-0.143446,-0.208788,0.509231,0.822504,0.0
2020-07-10 22:38:39,442,-0.128574,-0.211298,0.509911,0.8239,0.0
2020-07-10 22:38:39,452,-0.119783,-0.212746,0.51035,0.82458,0.0
2020-07-10 22:38:39,461,-0.119783,-0.212746,0.51035,0.82458,0.0
2020-07-10 22:38:39,471,-0.110242,-0.214409,0.510827,0.825185,0.0
2020-07-10 22:38:39,481,-0.099917,-0.216173,0.511406,0.825681,0.0
2020-07-10 22:38:39,491,-0.088944,-0.217942,0.512099,0.826041,0.0
2020-07-10 22:38:39,501,-0.077214,-0.219841,0.512866,0.826242,0.0
2020-07-10 22:38:39,512,-0.064631,-0.221948,0.513679,0.826253,0.0
2020-07-10 22:38:39,521,-0.051028,-0.224279,0.514593,0.826007,0.0
2020-07-10 22:38:39,531,-0.036452,-0.226958,0.515473,0.825498,0.0
2020-07-10 22:38:39,541,-0.020801,-0.230194,0.51618,0.824703,0.0
2020-07-10 22:38:39,551,-0.003939,-0.234163,0.516534,0.823616,0.0
2020-07-10 22:38:39,562,0.032476,-0.243536,0.515661,0.820809,0.0
2020-07-10 22:38:39,571,0.032476,-0.243536,0.515661,0.820809,0.0
2020-07-10 22:38:39,582,0.051994,-0.24895,0.514143,0.819131,0.0
2020-07-10 22:38:39,591,0.072266,-0.254735,0.511784,0.81729,0.0
2020-07-10 22:38:39,602,0.114117,-0.265541,0.504333,0.813703,0.0
2020-07-10 22:38:39,611,0.114117,-0.265541,0.504333,0.813703,0.0
2020-07-10 22:38:39,621,0.134842,-0.269095,0.499145,0.812563,0.0
2020-07-10 22:38:39,631,0.154921,-0.270593,0.493164,0.812137,0.0
2020-07-10 22:38:39,642,0.192109,-0.265135,0.479885,0.813945,0.0
2020-07-10 22:38:39,652,0.192109,-0.265135,0.479885,0.813945,0.0
2020-07-10 22:38:39,661,0.208905,-0.257684,0.473101,0.816169,0.0
2020-07-10 22:38:39,672,0.22445,-0.247098,0.466515,0.819102,0.0
2020-07-10 22:38:39,681,0.238715,-0.233572,0.460325,0.822531,0.0
2020-07-10 22:38:39,691,0.251747,-0.217249,0.454769,0.826202,0.0
2020-07-10 22:38:39,701,0.263991,-0.199139,0.449697,0.829713,0.0
2020-07-10 22:38:39,711,0.275732,-0.179966,0.44496,0.832823,0.0
2020-07-10 22:38:39,722,0.286245,-0.161919,0.441,0.835082,0.0
2020-07-10 22:38:39,731,0.295367,-0.146627,0.437899,0.836362,0.0
2020-07-10 22:38:39,741,0.304218,-0.132863,0.434964,0.83702,0.0
2020-07-10 22:38:39,751,0.31341,-0.119726,0.431659,0.837323,0.0
2020-07-10 22:38:39,762,0.322911,-0.107387,0.427825,0.837353,0.0
2020-07-10 22:38:39,771,0.332609,-0.095774,0.423433,0.837198,0.0
2020-07-10 22:38:39,781,0.343126,-0.083771,0.417996,0.836974,0.0
2020-07-10 22:38:39,791,0.355112,-0.070117,0.410705,0.836838,0.0
2020-07-10 22:38:39,801,0.367786,-0.055482,0.402194,0.836596,0.0
2020-07-10 22:38:39,812,0.38008,-0.040951,0.393488,0.836079,0.0
2020-07-10 22:38:39,821,0.391629,-0.026551,0.38478,0.835382,0.0
2020-07-10 22:38:39,832,0.40255,-0.012553,0.376033,0.834502,0.0
2020-07-10 22:38:39,841,0.413011,8.19E-4,0.367199,0.833417,0.0
2020-07-10 22:38:39,851,0.423043,0.013407,0.358237,0.832178,0.0
2020-07-10 22:38:39,861,0.432528,0.025313,0.349265,0.830838,0.0
2020-07-10 22:38:39,871,0.441513,0.036911,0.340421,0.829347,0.0
2020-07-10 22:38:39,882,0.449971,0.048246,0.331668,0.827764,0.0
2020-07-10 22:38:39,891,0.457874,0.059083,0.322778,0.82624,0.0
2020-07-10 22:38:40,901,0.465395,0.069187,0.313534,0.824813,0.0
2020-07-10 22:38:40,912,0.472626,0.078384,0.303824,0.823511,0.0
2020-07-10 22:38:40,921,0.479692,0.086809,0.293766,0.822229,0.0
2020-07-10 22:38:40,931,0.486488,0.094471,0.283532,0.820983,0.0
2020-07-10 22:38:40,941,0.493031,0.101501,0.273189,0.819747,0.0
2020-07-10 22:38:40,952,0.499314,0.107974,0.262758,0.818525,0.0
2020-07-10 22:38:40,961,0.505304,0.114036,0.252272,0.817326,0.0
2020-07-10 22:38:40,971,0.510991,0.119957,0.241767,0.816116,0.0
2020-07-10 22:38:40,982,0.516369,0.125939,0.231313,0.814859,0.0
2020-07-10 22:38:40,991,0.521366,0.132164,0.22104,0.813542,0.0
2020-07-10 22:38:40,1001,0.525968,0.138843,0.211219,0.812074,0.0
2020-07-10 22:38:40,1012,0.530245,0.145966,0.201899,0.810413,0.0
2020-07-10 22:38:40,1021,0.534309,0.153466,0.193059,0.80851,0.0
2020-07-10 22:38:40,1032,0.538258,0.16123,0.1846,0.806353,0.0
2020-07-10 22:38:40,1041,0.542065,0.16897,0.176326,0.804066,0.0
2020-07-10 22:38:40,1052,0.545722,0.176624,0.168242,0.801676,0.0
2020-07-10 22:38:40,1061,0.549114,0.184286,0.160482,0.799222,0.0
2020-07-10 22:38:40,1071,0.5524,0.192217,0.153053,0.796543,0.0
2020-07-10 22:38:40,1082,0.55547,0.200364,0.14617,0.793688,0.0
2020-07-10 22:38:40,1091,0.558163,0.208302,0.139743,0.790908,0.0
2020-07-10 22:38:40,1101,0.560612,0.215721,0.133532,0.788255,0.0
2020-07-10 22:38:40,1111,0.562812,0.222459,0.127388,0.785828,0.0
2020-07-10 22:38:40,1122,0.564733,0.228352,0.121199,0.783736,0.0
2020-07-10 22:38:40,1131,0.566398,0.233132,0.114912,0.782072,0.0
2020-07-10 22:38:40,1141,0.567812,0.236968,0.108589,0.780797,0.0
2020-07-10 22:38:40,1152,0.56893,0.239787,0.102219,0.779981,0.0
2020-07-10 22:38:40,1161,0.569819,0.241359,0.095549,0.779693,0.0
2020-07-10 22:38:40,1171,0.570504,0.241833,0.088574,0.779868,0.0
2020-07-10 22:38:40,1182,0.570984,0.24135,0.081309,0.780457,0.0
2020-07-10 22:38:40,1191,0.571298,0.240005,0.073734,0.781395,0.0
2020-07-10 22:38:40,1202,0.571404,0.237916,0.066028,0.782644,0.0
2020-07-10 22:38:40,1211,0.571407,0.235284,0.058385,0.784044,0.0
2020-07-10 22:38:40,1221,0.571311,0.232308,0.051032,0.785513,0.0
2020-07-10 22:38:40,1231,0.571188,0.229078,0.044106,0.786969,0.0
2020-07-10 22:38:40,1241,0.571102,0.225668,0.0376,0.788353,0.0
2020-07-10 22:38:40,1252,0.5711,0.222269,0.031634,0.789582,0.0
2020-07-10 22:38:40,1262,0.57121,0.219053,0.026228,0.790598,0.0
2020-07-10 22:38:40,1272,0.571435,0.216334,0.021502,0.791327,0.0
2020-07-10 22:38:40,1281,0.571725,0.214081,0.017328,0.791832,0.0
2020-07-10 22:38:40,1291,0.572087,0.212383,0.01366,0.7921,0.0
2020-07-10 22:38:40,1302,0.5725,0.211398,0.010574,0.792112,0.0
2020-07-10 22:38:40,1311,0.572868,0.211039,0.008073,0.791971,0.0
2020-07-10 22:38:40,1321,0.573197,0.211221,0.006103,0.791702,0.0
2020-07-10 22:38:40,1332,0.573505,0.211813,0.00459,0.791331,0.0
2020-07-10 22:38:40,1341,0.57378,0.212803,0.003648,0.790871,0.0
2020-07-10 22:38:40,1351,0.573958,0.214064,0.003164,0.790404,0.0
2020-07-10 22:38:40,1361,0.574067,0.215525,0.003044,0.789928,0.0
2020-07-10 22:38:40,1372,0.5741,0.217195,0.003311,0.789444,0.0
2020-07-10 22:38:40,1381,0.57405,0.218971,0.003822,0.788988,0.0
2020-07-10 22:38:40,1391,0.573937,0.22071,0.004414,0.788582,0.0
2020-07-10 22:38:40,1402,0.573752,0.222287,0.004963,0.788271,0.0
2020-07-10 22:38:40,1411,0.573529,0.223668,0.005443,0.788039,0.0
2020-07-10 22:38:40,1422,0.573248,0.224731,0.005731,0.787939,0.0
2020-07-10 22:38:40,1431,0.572942,0.225395,0.005759,0.787972,0.0
2020-07-10 22:38:40,1441,0.572631,0.225597,0.005503,0.788142,0.0
2020-07-10 22:38:40,1452,0.572404,0.225341,0.005008,0.788384,0.0
2020-07-10 22:38:40,1461,0.572265,0.224553,0.004274,0.788714,0.0
2020-07-10 22:38:40,1471,0.572155,0.223186,0.00331,0.789186,0.0
2020-07-10 22:38:40,1482,0.572124,0.221315,0.002051,0.789739,0.0
2020-07-10 22:38:40,1491,0.572184,0.219137,5.58E-4,0.790305,0.0
2020-07-10 22:38:40,1501,0.572289,0.21691,-9.84E-4,0.790843,0.0
2020-07-10 22:38:40,1511,0.572429,0.214994,-0.002373,0.791262,0.0
2020-07-10 22:38:40,1521,0.57262,0.213492,-0.0035,0.791527,0.0
2020-07-10 22:38:40,1532,0.572832,0.212391,-0.004372,0.791665,0.0
2020-07-10 22:38:40,1541,0.57303,0.211704,-0.004917,0.791702,0.0
2020-07-10 22:38:40,1551,0.573252,0.211309,-0.005219,0.791645,0.0
2020-07-10 22:38:40,1561,0.573475,0.211203,-0.005224,0.791511,0.0
2020-07-10 22:38:40,1572,0.573656,0.211378,-0.00496,0.791336,0.0
2020-07-10 22:38:40,1581,0.57383,0.211646,-0.004675,0.791139,0.0
2020-07-10 22:38:40,1592,0.573973,0.211975,-0.004395,0.79095,0.0
2020-07-10 22:38:40,1601,0.574074,0.212361,-0.004188,0.790774,0.0
2020-07-10 22:38:40,1611,0.574112,0.21278,-0.004111,0.790634,0.0
2020-07-10 22:38:40,1622,0.574121,0.213203,-0.00408,0.790513,0.0
2020-07-10 22:38:40,1631,0.574103,0.213583,-0.004125,0.790423,0.0
2020-07-10 22:38:40,1641,0.574099,0.213889,-0.004246,0.790343,0.0
2020-07-10 22:38:40,1652,0.574045,0.214199,-0.004284,0.790299,0.0
2020-07-10 22:38:40,1661,0.574013,0.214554,-0.004176,0.790225,0.0
2020-07-10 22:38:40,1671,0.573971,0.21502,-0.003845,0.790131,0.0
2020-07-10 22:38:40,1681,0.574027,0.215468,-0.003244,0.789971,0.0
2020-07-10 22:38:40,1692,0.574109,0.215828,-0.00269,0.789815,0.0
2020-07-10 22:38:40,1702,0.574185,0.216051,-0.002337,0.7897,0.0
2020-07-10 22:38:40,1711,0.574209,0.216188,-0.002185,0.789645,0.0
2020-07-10 22:38:40,1721,0.574189,0.216304,-0.002143,0.789629,0.0
2020-07-10 22:38:40,1732,0.574172,0.216425,-0.002116,0.789608,0.0
2020-07-10 22:38:40,1741,0.574157,0.216476,-0.00205,0.789605,0.0
2020-07-10 22:38:40,1751,0.574147,0.216337,-0.002069,0.78965,0.0
2020-07-10 22:38:40,1761,0.57408,0.216117,-0.002203,0.789759,0.0
2020-07-10 22:38:40,1772,0.573914,0.215982,-0.002399,0.789916,0.0
2020-07-10 22:38:40,1781,0.573713,0.215987,-0.002605,0.79006,0.0
2020-07-10 22:38:40,1791,0.573518,0.216108,-0.002733,0.790168,0.0
2020-07-10 22:38:40,1802,0.573289,0.216291,-0.002743,0.790284,0.0
2020-07-10 22:38:40,1811,0.573067,0.216401,-0.002699,0.790415,0.0
2020-07-10 22:38:40,1821,0.572857,0.216437,-0.002639,0.790557,0.0
2020-07-10 22:38:40,1832,0.572654,0.216407,-0.002612,0.790713,0.0
2020-07-10 22:38:40,1841,0.572427,0.216375,-0.002591,0.790886,0.0
2020-07-10 22:38:40,1851,0.572224,0.216383,-0.002579,0.791031,0.0
2020-07-10 22:38:40,1862,0.572059,0.216395,-0.002572,0.791147,0.0
2020-07-10 22:38:40,1871,0.571921,0.21636,-0.002605,0.791256,0.0
2020-07-10 22:38:40,1881,0.57179,0.216171,-0.002681,0.791402,0.0
2020-07-10 22:38:40,1892,0.571688,0.215806,-0.002846,0.791575,0.0
2020-07-10 22:38:41,1901,0.571593,0.215299,-0.003098,0.79178,0.0
2020-07-10 22:38:41,1911,0.571492,0.214752,-0.003389,0.792001,0.0
2020-07-10 22:38:41,1922,0.571407,0.214235,-0.003714,0.792201,0.0
2020-07-10 22:38:41,1931,0.571346,0.213791,-0.004065,0.792363,0.0
2020-07-10 22:38:41,1942,0.571323,0.213457,-0.004385,0.792468,0.0
2020-07-10 22:38:41,1951,0.571262,0.213192,-0.004638,0.792582,0.0
2020-07-10 22:38:41,1961,0.571182,0.212923,-0.004897,0.79271,0.0
2020-07-10 22:38:41,1971,0.571073,0.212649,-0.005146,0.792861,0.0
2020-07-10 22:38:41,1981,0.570967,0.212421,-0.005273,0.792997,0.0
2020-07-10 22:38:41,1991,0.570934,0.212349,-0.005231,0.793041,0.0
2020-07-10 22:38:41,2002,0.570973,0.212518,-0.0049,0.792969,0.0
2020-07-10 22:38:41,2011,0.571072,0.212877,-0.004351,0.792805,0.0
2020-07-10 22:38:41,2021,0.571189,0.21331,-0.003743,0.792608,0.0
2020-07-10 22:38:41,2032,0.571306,0.213735,-0.003173,0.792411,0.0
2020-07-10 22:38:41,2041,0.571419,0.214189,-0.002629,0.792209,0.0
2020-07-10 22:38:41,2051,0.571566,0.214827,-0.001941,0.791932,0.0
2020-07-10 22:38:41,2062,0.571731,0.215587,-0.001133,0.791608,0.0
2020-07-10 22:38:41,2071,0.571928,0.21646,-2.18E-4,0.791228,0.0
2020-07-10 22:38:41,2081,0.572101,0.217384,7.9E-4,0.790849,0.0
2020-07-10 22:38:41,2092,0.572271,0.218344,0.001843,0.79046,0.0
2020-07-10 22:38:41,2101,0.572422,0.219377,0.003032,0.790061,0.0
2020-07-10 22:38:41,2111,0.572538,0.220632,0.004455,0.789621,0.0
2020-07-10 22:38:41,2122,0.572648,0.222165,0.006146,0.789099,0.0
2020-07-10 22:38:41,2132,0.572712,0.223883,0.008153,0.788549,0.0
2020-07-10 22:38:41,2141,0.572769,0.225928,0.010645,0.787894,0.0
2020-07-10 22:38:41,2151,0.57289,0.228327,0.013736,0.787066,0.0
2020-07-10 22:38:41,2161,0.573032,0.230832,0.01726,0.786163,0.0
2020-07-10 22:38:41,2172,0.573174,0.233127,0.020908,0.785293,0.0
2020-07-10 22:38:41,2181,0.573225,0.235133,0.024585,0.784551,0.0
2020-07-10 22:38:41,2191,0.573245,0.236899,0.028289,0.783879,0.0
2020-07-10 22:38:41,2202,0.573307,0.238673,0.032124,0.783148,0.0
2020-07-10 22:38:41,2212,0.573259,0.240534,0.036174,0.782436,0.0
2020-07-10 22:38:41,2221,0.573035,0.242361,0.040406,0.78183,0.0
2020-07-10 22:38:41,2231,0.57256,0.244236,0.044892,0.78135,0.0
2020-07-10 22:38:41,2241,0.571912,0.24615,0.049746,0.780929,0.0
2020-07-10 22:38:41,2251,0.571138,0.24803,0.054959,0.780551,0.0
2020-07-10 22:38:41,2262,0.570222,0.249515,0.060349,0.78035,0.0
2020-07-10 22:38:41,2271,0.569262,0.250364,0.06557,0.780357,0.0
2020-07-10 22:38:41,2281,0.568105,0.250704,0.070676,0.780646,0.0
2020-07-10 22:38:41,2291,0.566855,0.250566,0.075759,0.781122,0.0
2020-07-10 22:38:41,2301,0.565612,0.249926,0.080792,0.781723,0.0
2020-07-10 22:38:41,2311,0.564276,0.248476,0.085461,0.782654,0.0
2020-07-10 22:38:41,2321,0.562752,0.245989,0.089504,0.784084,0.0
2020-07-10 22:38:41,2332,0.561074,0.24289,0.093185,0.785821,0.0
2020-07-10 22:38:41,2341,0.561074,0.24289,0.093185,0.785821,0.0
2020-07-10 22:38:41,2353,0.557421,0.236152,0.100529,0.789561,0.0
2020-07-10 22:38:41,2361,0.557421,0.236152,0.100529,0.789561,0.0
2020-07-10 22:38:41,2371,0.552932,0.229447,0.108327,0.793652,0.0
2020-07-10 22:38:41,2381,0.55038,0.226389,0.112846,0.795672,0.0
2020-07-10 22:38:41,2391,0.547752,0.223361,0.117961,0.797597,0.0
2020-07-10 22:38:41,2402,0.545082,0.219641,0.123133,0.799675,0.0
2020-07-10 22:38:41,2411,0.542421,0.214856,0.128062,0.802007,0.0
2020-07-10 22:38:41,2421,0.539681,0.209085,0.13274,0.804616,0.0
2020-07-10 22:38:41,2432,0.5368,0.202929,0.137589,0.8073,0.0
2020-07-10 22:38:41,2441,0.533907,0.197135,0.143046,0.809702,0.0
2020-07-10 22:38:41,2451,0.530872,0.191891,0.149266,0.811832,0.0
2020-07-10 22:38:41,2461,0.527621,0.186913,0.156094,0.813826,0.0
2020-07-10 22:38:41,2472,0.524098,0.181389,0.163069,0.815982,0.0
2020-07-10 22:38:41,2481,0.520319,0.174998,0.169922,0.818394,0.0
2020-07-10 22:38:41,2491,0.516293,0.167803,0.176752,0.821,0.0
2020-07-10 22:38:41,2501,0.512026,0.160104,0.183748,0.823669,0.0
2020-07-10 22:38:41,2511,0.507485,0.151981,0.191011,0.826362,0.0
2020-07-10 22:38:41,2522,0.502555,0.14339,0.198568,0.829124,0.0
2020-07-10 22:38:41,2531,0.497171,0.134439,0.206449,0.83194,0.0
2020-07-10 22:38:41,2541,0.491266,0.125428,0.214833,0.834728,0.0
2020-07-10 22:38:41,2551,0.484876,0.116502,0.223804,0.837396,0.0
2020-07-10 22:38:41,2561,0.477731,0.10798,0.233727,0.839931,0.0
2020-07-10 22:38:41,2571,0.469925,0.10032,0.244455,0.842227,0.0
2020-07-10 22:38:41,2581,0.461363,0.093653,0.255901,0.844326,0.0
2020-07-10 22:38:41,2592,0.452016,0.088145,0.268075,0.846195,0.0
2020-07-10 22:38:41,2601,0.441841,0.083989,0.280937,0.847818,0.0
2020-07-10 22:38:41,2611,0.430894,0.080948,0.294275,0.849222,0.0
2020-07-10 22:38:41,2621,0.419245,0.078855,0.307932,0.850407,0.0
2020-07-10 22:38:41,2631,0.406821,0.077743,0.321957,0.851349,0.0
2020-07-10 22:38:41,2641,0.393597,0.07769,0.336342,0.852008,0.0
2020-07-10 22:38:41,2652,0.379474,0.078739,0.351005,0.852404,0.0
2020-07-10 22:38:41,2661,0.364403,0.080713,0.365746,0.852599,0.0
2020-07-10 22:38:41,2671,0.348342,0.083238,0.380322,0.852692,0.0
2020-07-10 22:38:41,2682,0.331699,0.085602,0.394413,0.852693,0.0
2020-07-10 22:38:41,2691,0.31496,0.086894,0.40769,0.852664,0.0
2020-07-10 22:38:41,2701,0.298516,0.08606,0.419822,0.852778,0.0
2020-07-10 22:38:41,2712,0.282763,0.08298,0.430841,0.852956,0.0
2020-07-10 22:38:41,2721,0.268163,0.077398,0.440647,0.853186,0.0
2020-07-10 22:38:41,2731,0.255275,0.069063,0.449003,0.853498,0.0
2020-07-10 22:38:41,2742,0.242952,0.058141,0.456396,0.853988,0.0
2020-07-10 22:38:41,2751,0.230828,0.045694,0.463032,0.854535,0.0
2020-07-10 22:38:41,2761,0.218669,0.032536,0.469158,0.854994,0.0
2020-07-10 22:38:41,2772,0.206429,0.019083,0.474913,0.855266,0.0
2020-07-10 22:38:41,2781,0.194239,0.005619,0.480436,0.855231,0.0
2020-07-10 22:38:41,2791,0.182064,-0.00742,0.485847,0.854839,0.0
2020-07-10 22:38:41,2802,0.169665,-0.0194,0.491261,0.854107,0.0
2020-07-10 22:38:41,2811,0.15681,-0.030022,0.49668,0.853122,0.0
2020-07-10 22:38:41,2821,0.143325,-0.039174,0.501998,0.852009,0.0
2020-07-10 22:38:41,2832,0.129213,-0.047053,0.507016,0.850896,0.0
2020-07-10 22:38:41,2841,0.114453,-0.05364,0.511652,0.849843,0.0
2020-07-10 22:38:41,2852,0.099088,-0.059021,0.515974,0.848803,0.0
2020-07-10 22:38:41,2861,0.083148,-0.063291,0.520003,0.847748,0.0
2020-07-10 22:38:41,2871,0.066728,-0.066559,0.523664,0.846695,0.0
2020-07-10 22:38:41,2882,0.050165,-0.069267,0.526982,0.845561,0.0
2020-07-10 22:38:41,2891,0.033864,-0.071713,0.529948,0.844313,0.0
2020-07-10 22:38:42,2902,0.01819,-0.074154,0.532586,0.842924,0.0
2020-07-10 22:38:42,2911,0.003328,-0.076677,0.534989,0.841365,0.0
2020-07-10 22:38:42,2922,-0.010655,-0.079407,0.537146,0.839675,0.0
2020-07-10 22:38:42,2931,-0.023684,-0.082469,0.539012,0.837916,0.0
2020-07-10 22:38:42,2941,-0.035705,-0.086095,0.540495,0.836168,0.0
2020-07-10 22:38:42,2952,-0.046927,-0.089972,0.541657,0.834451,0.0
2020-07-10 22:38:42,2961,-0.057557,-0.093994,0.542555,0.832757,0.0
2020-07-10 22:38:42,2971,-0.067433,-0.098125,0.543278,0.831067,0.0
2020-07-10 22:38:42,2982,-0.076535,-0.10248,0.543862,0.829369,0.0
2020-07-10 22:38:42,2991,-0.084794,-0.107082,0.544371,0.827648,0.0
2020-07-10 22:38:42,3002,-0.092307,-0.111704,0.544894,0.825888,0.0
2020-07-10 22:38:42,3011,-0.099192,-0.116112,0.545467,0.824102,0.0
2020-07-10 22:38:42,3022,-0.105691,-0.120212,0.546164,0.822242,0.0
2020-07-10 22:38:42,3031,-0.111944,-0.123858,0.547009,0.820309,0.0
2020-07-10 22:38:42,3042,-0.117909,-0.127154,0.547989,0.818313,0.0
2020-07-10 22:38:42,3051,-0.123479,-0.130426,0.54906,0.816256,0.0
2020-07-10 22:38:42,3061,-0.128634,-0.133661,0.550221,0.814152,0.0
2020-07-10 22:38:42,3072,-0.133437,-0.136736,0.551379,0.812082,0.0
2020-07-10 22:38:42,3081,-0.137978,-0.139408,0.55246,0.810132,0.0
2020-07-10 22:38:42,3091,-0.14237,-0.141702,0.553392,0.808336,0.0
2020-07-10 22:38:42,3102,-0.146571,-0.143688,0.554148,0.806715,0.0
2020-07-10 22:38:42,3111,-0.150586,-0.145284,0.554761,0.805267,0.0
2020-07-10 22:38:42,3122,-0.154194,-0.146134,0.555358,0.804018,0.0
2020-07-10 22:38:42,3132,-0.156972,-0.146273,0.556055,0.802973,0.0
2020-07-10 22:38:42,3141,-0.158377,-0.146752,0.556841,0.802064,0.0
2020-07-10 22:38:42,3151,-0.158079,-0.148031,0.557634,0.801337,0.0
2020-07-10 22:38:42,3162,-0.15646,-0.149826,0.558255,0.800889,0.0
2020-07-10 22:38:42,3171,-0.154598,-0.151367,0.558418,0.800847,0.0
2020-07-10 22:38:42,3183,-0.153511,-0.151909,0.557894,0.801318,0.0
2020-07-10 22:38:42,3191,-0.153373,-0.151222,0.556733,0.802281,0.0
2020-07-10 22:38:42,3201,-0.154184,-0.149094,0.55512,0.803641,0.0
2020-07-10 22:38:42,3212,-0.155924,-0.145653,0.553048,0.805363,0.0
2020-07-10 22:38:42,3221,-0.158663,-0.141105,0.550781,0.807189,0.0
2020-07-10 22:38:42,3232,-0.162463,-0.135393,0.548599,0.808895,0.0
2020-07-10 22:38:42,3243,-0.166936,-0.128599,0.546707,0.810373,0.0
2020-07-10 22:38:42,3251,-0.171695,-0.121532,0.545155,0.811514,0.0
2020-07-10 22:38:42,3261,-0.176583,-0.114957,0.54387,0.812285,0.0
2020-07-10 22:38:42,3272,-0.181273,-0.109314,0.542902,0.812679,0.0
2020-07-10 22:38:42,3281,-0.185384,-0.104917,0.542159,0.812827,0.0
2020-07-10 22:38:42,3291,-0.188957,-0.1017,0.541536,0.812828,0.0
2020-07-10 22:38:42,3301,-0.192164,-0.09944,0.54089,0.812786,0.0
2020-07-10 22:38:42,3312,-0.195117,-0.097895,0.540163,0.812753,0.0
2020-07-10 22:38:42,3321,-0.197843,-0.096793,0.539422,0.812719,0.0
2020-07-10 22:38:42,3331,-0.200229,-0.096048,0.538743,0.812673,0.0
2020-07-10 22:38:42,3342,-0.202169,-0.095582,0.538217,0.812596,0.0
2020-07-10 22:38:42,3351,-0.203546,-0.095462,0.53794,0.81245,0.0
2020-07-10 22:38:42,3361,-0.204389,-0.095699,0.537941,0.81221,0.0
2020-07-10 22:38:42,3372,-0.204666,-0.096326,0.538208,0.811889,0.0
2020-07-10 22:38:42,3381,-0.204349,-0.097459,0.538763,0.811466,0.0
2020-07-10 22:38:42,3392,-0.203579,-0.098996,0.539452,0.811015,0.0
2020-07-10 22:38:42,3401,-0.202444,-0.100823,0.540226,0.810559,0.0
2020-07-10 22:38:42,3411,-0.20111,-0.102846,0.541,0.81012,0.0
2020-07-10 22:38:42,3422,-0.199711,-0.104881,0.541689,0.809745,0.0
2020-07-10 22:38:42,3431,-0.198383,-0.106785,0.542246,0.809449,0.0
2020-07-10 22:38:42,3441,-0.197179,-0.108454,0.542628,0.809266,0.0
2020-07-10 22:38:42,3451,-0.196193,-0.109798,0.542833,0.809187,0.0
2020-07-10 22:38:42,3462,-0.195493,-0.110814,0.542885,0.809183,0.0
2020-07-10 22:38:42,3471,-0.195119,-0.111469,0.542839,0.809214,0.0
2020-07-10 22:38:42,3481,-0.195059,-0.111747,0.542737,0.809259,0.0
2020-07-10 22:38:42,3492,-0.195245,-0.111727,0.542602,0.809307,0.0
2020-07-10 22:38:42,3501,-0.195645,-0.11152,0.542448,0.809343,0.0
2020-07-10 22:38:42,3512,-0.196182,-0.111195,0.54227,0.809376,0.0
2020-07-10 22:38:42,3521,-0.196846,-0.110711,0.541986,0.809472,0.0
2020-07-10 22:38:42,3531,-0.197561,-0.110164,0.541676,0.80958,0.0
2020-07-10 22:38:42,3542,-0.198259,-0.109621,0.541309,0.809728,0.0
2020-07-10 22:38:42,3551,-0.198863,-0.109109,0.540979,0.80987,0.0
2020-07-10 22:38:42,3561,-0.199381,-0.108649,0.540705,0.809987,0.0
2020-07-10 22:38:42,3572,-0.199789,-0.108299,0.540461,0.810096,0.0
2020-07-10 22:38:42,3581,-0.200026,-0.108161,0.540287,0.810172,0.0
2020-07-10 22:38:42,3591,-0.200079,-0.108263,0.540163,0.810229,0.0
2020-07-10 22:38:42,3602,-0.199959,-0.108549,0.540146,0.810231,0.0
2020-07-10 22:38:42,3611,-0.199905,-0.108951,0.54028,0.810101,0.0
2020-07-10 22:38:42,3621,-0.199502,-0.109792,0.540459,0.809968,0.0
2020-07-10 22:38:42,3632,-0.199521,-0.111121,0.540674,0.809638,0.0
2020-07-10 22:38:42,3641,-0.19972,-0.112526,0.541051,0.809143,0.0
2020-07-10 22:38:42,3652,-0.19976,-0.11372,0.541618,0.808586,0.0
2020-07-10 22:38:42,3661,-0.199566,-0.114771,0.542177,0.808111,0.0
2020-07-10 22:38:42,3671,-0.199244,-0.115659,0.54262,0.807767,0.0
2020-07-10 22:38:42,3681,-0.198948,-0.116433,0.54291,0.807533,0.0
2020-07-10 22:38:42,3691,-0.198758,-0.117026,0.542934,0.807478,0.0
2020-07-10 22:38:42,3701,-0.198686,-0.117462,0.542863,0.80748,0.0
2020-07-10 22:38:42,3711,-0.198725,-0.117752,0.542727,0.80752,0.0
2020-07-10 22:38:42,3721,-0.198884,-0.118004,0.542556,0.807559,0.0
2020-07-10 22:38:42,3732,-0.199088,-0.118239,0.542441,0.807551,0.0
2020-07-10 22:38:42,3741,-0.19933,-0.118444,0.542338,0.807531,0.0
2020-07-10 22:38:42,3751,-0.199662,-0.118567,0.542277,0.807472,0.0
2020-07-10 22:38:42,3761,-0.200092,-0.118572,0.542215,0.807406,0.0
2020-07-10 22:38:42,3771,-0.200592,-0.118545,0.542127,0.807346,0.0
2020-07-10 22:38:42,3781,-0.201085,-0.118524,0.541992,0.807317,0.0
2020-07-10 22:38:42,3791,-0.201581,-0.118523,0.541823,0.807306,0.0
2020-07-10 22:38:42,3801,-0.20209,-0.118464,0.541648,0.807305,0.0
2020-07-10 22:38:42,3812,-0.202613,-0.11833,0.541465,0.807316,0.0
2020-07-10 22:38:42,3821,-0.203107,-0.118167,0.541309,0.807321,0.0
2020-07-10 22:38:42,3831,-0.203566,-0.117995,0.541099,0.807372,0.0
2020-07-10 22:38:42,3841,-0.203987,-0.117839,0.540873,0.807439,0.0
2020-07-10 22:38:42,3851,-0.204329,-0.117735,0.540714,0.807474,0.0
2020-07-10 22:38:42,3861,-0.204575,-0.11769,0.540551,0.807528,0.0
2020-07-10 22:38:42,3871,-0.204771,-0.117701,0.540445,0.807547,0.0
2020-07-10 22:38:42,3881,-0.204958,-0.11771,0.540403,0.807527,0.0
2020-07-10 22:38:42,3892,-0.205217,-0.11767,0.540281,0.807548,0.0
2020-07-10 22:38:43,3901,-0.205483,-0.117698,0.540229,0.807511,0.0
2020-07-10 22:38:43,3911,-0.205697,-0.117766,0.540166,0.807489,0.0
2020-07-10 22:38:43,3921,-0.205861,-0.117883,0.5401,0.807474,0.0
2020-07-10 22:38:43,3931,-0.205939,-0.118117,0.54044,0.807193,0.0
2020-07-10 22:38:43,3941,-0.206179,-0.118099,0.54002,0.807416,0.0
2020-07-10 22:38:43,3951,-0.206402,-0.118105,0.539935,0.807415,0.0
2020-07-10 22:38:43,3962,-0.206602,-0.118096,0.539821,0.807441,0.0
2020-07-10 22:38:43,3971,-0.206784,-0.118038,0.539569,0.807571,0.0
2020-07-10 22:38:43,3981,-0.206919,-0.118058,0.539572,0.807531,0.0
2020-07-10 22:38:43,3991,-0.207061,-0.118078,0.539429,0.807587,0.0
2020-07-10 22:38:43,4001,-0.207213,-0.118089,0.53917,0.80772,0.0
2020-07-10 22:38:43,4011,-0.207424,-0.118014,0.538669,0.808011,0.0
2020-07-10 22:38:43,4021,-0.207658,-0.117921,0.538196,0.80828,0.0
2020-07-10 22:38:43,4032,-0.207962,-0.117737,0.537477,0.808707,0.0
2020-07-10 22:38:43,4041,-0.208305,-0.117483,0.536742,0.809143,0.0
2020-07-10 22:38:43,4051,-0.208625,-0.117269,0.536242,0.809423,0.0
2020-07-10 22:38:43,4061,-0.20906,-0.116902,0.535077,0.810135,0.0
2020-07-10 22:38:43,4071,-0.209471,-0.116507,0.533772,0.810946,0.0
2020-07-10 22:38:43,4081,-0.209847,-0.116136,0.532506,0.811734,0.0
2020-07-10 22:38:43,4091,-0.210252,-0.115707,0.530942,0.812715,0.0
2020-07-10 22:38:43,4102,-0.21058,-0.115417,0.529691,0.813487,0.0
2020-07-10 22:38:43,4111,-0.210788,-0.115327,0.528879,0.813974,0.0
2020-07-10 22:38:43,4121,-0.210886,-0.115424,0.528477,0.814196,0.0
2020-07-10 22:38:43,4131,-0.210948,-0.115636,0.528403,0.814198,0.0
2020-07-10 22:38:43,4141,-0.210942,-0.115998,0.529062,0.81372,0.0
2020-07-10 22:38:43,4151,-0.210761,-0.115988,0.529234,0.813657,0.0
2020-07-10 22:38:43,4161,-0.210281,-0.116104,0.528958,0.813943,0.0
2020-07-10 22:38:43,4171,-0.210425,-0.117027,0.528443,0.814109,0.0
2020-07-10 22:38:43,4182,-0.21072,-0.11797,0.527937,0.814224,0.0
2020-07-10 22:38:43,4191,-0.211017,-0.118692,0.527779,0.814145,0.0
2020-07-10 22:38:43,4201,-0.211172,-0.119095,0.528077,0.813853,0.0
2020-07-10 22:38:43,4211,-0.211082,-0.119197,0.528701,0.813456,0.0
2020-07-10 22:38:43,4221,-0.210877,-0.11914,0.529464,0.813021,0.0
2020-07-10 22:38:43,4231,-0.21082,-0.11902,0.530054,0.812669,0.0
2020-07-10 22:38:43,4242,-0.21082,-0.11902,0.530054,0.812669,0.0
2020-07-10 22:38:43,4251,-0.21082,-0.11902,0.530054,0.812669,0.0
2020-07-10 22:38:43,4261,-0.21082,-0.11902,0.530054,0.812669,0.0
2020-07-10 22:38:43,4271,-0.21082,-0.11902,0.530054,0.812669,0.0
2020-07-10 22:38:43,4281,-0.21082,-0.11902,0.530054,0.812669,0.0
2020-07-10 22:38:43,4291,-0.21082,-0.11902,0.530054,0.812669,0.0
2020-07-10 22:38:43,4301,-0.21082,-0.11902,0.530054,0.812669,0.0
2020-07-10 22:38:43,4312,-0.21082,-0.11902,0.530054,0.812669,0.0
2020-07-10 22:38:43,4321,-0.21082,-0.11902,0.530054,0.812669,0.0
2020-07-10 22:38:43,4331,-0.21082,-0.11902,0.530054,0.812669,0.0
2020-07-10 22:38:43,4341,-0.21082,-0.11902,0.530054,0.812669,0.0
2020-07-10 22:38:43,4351,-0.21082,-0.11902,0.530054,0.812669,0.0
